<?xml version="1.0" encoding="utf-8"?>
<!DOCTYPE install PUBLIC "-//Joomla! 2.5//DTD template 1.0//EN" "https://www.joomla.org/xml/dtd/2.5/template-install.dtd">
<extension version="3.1" type="template" client="site">
	<name>BARC</name>
	<version>1.0</version>
	<creationDate>31 January, 2017</creationDate>
	<author>Vilas Shetkar</author>
	<authorEmail>vilas@wtouch.in</authorEmail>
	<copyright>Copyright (C) BARC, India. All rights reserved.</copyright>
	<description>TPL_BARC_XML_DESCRIPTION</description>
	<files>
		<filename>component.php</filename>
		<filename>error.php</filename>
		<filename>offline.php</filename>
		<filename>favicon.ico</filename>
		<filename>index.php</filename>
		<filename>templateDetails.xml</filename>
		<filename>template_preview.png</filename>
		<filename>template_thumbnail.png</filename>
		<folder>css</folder>
		<folder>html</folder>
		<folder>img</folder>
		<folder>js</folder>
		<folder>language</folder>
		<folder>less</folder>
	</files>
	<positions>
		<position>banner</position>
		<position>debug</position>
		<position>position-0</position>
		<position>position-1</position>
		<position>position-2</position>
		<position>position-3</position>
		<position>position-4</position>
		<position>position-5</position>
		<position>position-6</position>
		<position>position-7</position>
		<position>position-8</position>
		<position>position-9</position>
		<position>position-10</position>
		<position>position-11</position>
		<position>position-12</position>
		<position>position-13</position>
		<position>position-14</position>
		<position>footer</position>
	</positions>
	<languages folder="language">
		<language tag="en-GB">en-GB/en-GB.tpl_barc.ini</language>
		<language tag="en-GB">en-GB/en-GB.tpl_barc.sys.ini</language>
	</languages>
	<config>
		<fields name="params">
			<fieldset name="advanced">
				
				<field name="logoFile" class="" type="media" default=""
					label="TPL_BARC_LOGO_LABEL"
					description="TPL_BARC_LOGO_DESC" />

				<field name="sitetitle"  type="text" default=""
					label="JGLOBAL_TITLE"
					description="JFIELD_ALT_PAGE_TITLE_LABEL"
					filter="string" />

				<field name="sitedescription"  type="text" default=""
					label="JGLOBAL_DESCRIPTION"
					description="JGLOBAL_SUBHEADING_DESC"
					filter="string" />

			</fieldset>
		</fields>
	</config>
</extension>
