<?xml version="1.0" encoding="utf-8"?>
<extension type="module" version="3.1.0" client="site" method="upgrade">
    <name>BARC Addressbook</name>
    <author>Vilas Shetkar</author>
    <version>0.0.1</version>
    <description>BARC Adress Book! module.</description>
    <files>
        <filename>mod_addressbook.xml</filename>
        <filename module="mod_addressbook">mod_addressbook.php</filename>
        <filename>index.html</filename>
        <filename>helper.php</filename>
        <filename>tmpl/default.php</filename>
        <filename>tmpl/index.html</filename>
    </files>
    <config>
    </config>
</extension>